id,danceability,energy,key,loudness,mode,speechiness,acousticness,instrumentalness,liveness,valence,tempo,duration_ms,time_signature
4rXLjWdF2ZZpXCVTfWcshS,0.847,0.622,1,-6.747,0,0.0903,0.119,0.0,0.285,0.22,130.001,125040,4
7K3BhSpAxZBznislvUMVtn,0.492,0.675,6,-5.456,1,0.0389,0.467,0.0,0.142,0.478,203.759,163855,4
7x9aauaA9cu6tyfpHnqDLo,0.802,0.832,11,-4.107,1,0.0434,0.311,0.0,0.0815,0.89,124.997,185427,4
3k79jB4aGmMDUQzEwa46Rz,0.511,0.532,5,-5.745,1,0.056,0.169,0.0,0.311,0.322,137.827,219724,4
2FDTHlrBguDzQkp7PVj16Q,0.916,0.583,1,-8.067,1,0.241,0.186,0.0,0.0798,0.661,141.095,226383,4
1Lo0QY9cvc8sUB2vnIOxDT,0.712,0.603,8,-5.52,1,0.0262,0.186,0.0,0.115,0.67,97.994,265493,4
1BxfuPKGuaTgP7aM0Bbdwr,0.552,0.702,9,-5.707,1,0.157,0.117,2.06e-05,0.105,0.564,169.994,178427,4
4DHcnVTT87F0zZhRPYmZ3B,0.707,0.681,0,-4.325,1,0.0668,0.0632,5.15e-06,0.0322,0.646,117.999,200455,4
1s7oOCT8vauUh01PbJD6ps,0.799,0.802,11,-5.196,1,0.0371,0.429,0.00128,0.171,0.811,107.008,239318,4
5sdQOyqq2IDhvmx2lHOpwd,0.776,0.817,5,-6.018,0,0.0748,0.18,3.44e-05,0.146,0.515,149.921,154667,4
6wf7Yu7cxBSPrRlWeSeK0Q,0.444,0.0911,0,-17.665,1,0.0307,0.959,1.05e-06,0.098,0.142,78.403,222370,4
6WzRpISELf3YglGAh7TXcG,0.855,0.678,1,-6.276,1,0.189,0.0569,3.69e-05,0.412,0.852,99.029,215467,4
741UUVE2kuITl0c6zuqqbO,0.77,0.58,0,-8.393,1,0.247,0.519,0.000127,0.233,0.753,144.072,109750,4
1odExI7RdWc4BT515LTAwj,0.508,0.43,2,-9.475,0,0.0335,0.83,0.000441,0.093,0.324,130.09,212954,4
5kHMfzgLZP95O9NBy0ku4v,0.694,0.764,6,-4.893,1,0.0337,0.0586,0.0,0.0608,0.819,123.044,273186,4
5W4kiM2cUYBJXKRudNyxjW,0.732,0.839,9,-5.007,1,0.0345,0.265,0.0,0.602,0.629,119.724,157478,4
6T7FXSuXykeGktMLGp8WgE,0.787,0.57,3,-5.881,1,0.225,0.0449,0.0,0.135,0.733,142.974,223879,4
3WMj8moIAXJhHsyLaqIIHI,0.369,0.192,4,-12.151,0,0.04,0.555,8.35e-06,0.0954,0.148,175.212,228013,3
1Qrg8KqiBpW07V7PNxwwwL,0.644,0.735,8,-5.747,1,0.0391,0.0521,0.144,0.161,0.418,88.98,153947,4
4uUG5RXrOk84mYEfFvj3cK,0.561,0.965,7,-3.673,0,0.0343,0.00383,7.07e-06,0.371,0.304,128.04,175238,4
4Dvkj6JhhA12EX05fT7y2e,0.52,0.731,6,-5.338,0,0.0557,0.342,0.00101,0.311,0.662,173.93,167303,4
7FbrGaHYVDmfr7KoLIZnQ7,0.783,0.592,11,-8.332,0,0.0331,0.435,4.15e-06,0.347,0.726,120.018,174253,4
4h9wh7iOZ0GGn8QVp4RAOB,0.704,0.797,0,-5.927,1,0.0475,0.0826,0.000745,0.0546,0.825,139.994,148486,4
48UKTR66uUOT9LaUvooTNx,0.608,0.745,1,-4.13,1,0.0277,0.0226,6.47e-06,0.0942,0.464,102.025,224427,4
2dHHgzDwk4BJdRwy9uXhTO,0.715,0.62,1,-6.005,0,0.0484,0.417,0.0,0.0822,0.172,97.95,221520,4
3cBsEDNhFI9E82vPj3kvi3,0.505,0.657,11,-5.24,0,0.0318,0.373,0.00107,0.126,0.252,196.0,178520,3
3xIMkM5LgbVDkpO74O3Np3,0.742,0.839,5,-7.614,0,0.0618,0.00306,4.2e-05,0.106,0.346,126.03,156391,4
1vYXt7VSjH9JIM5oRRo7vA,0.671,0.845,11,-4.93,0,0.048,0.0207,0.0,0.329,0.775,110.056,176579,4
3t0ic4mkhvhamrKDkulB8v,0.555,0.729,1,-5.062,1,0.0443,0.000374,0.000139,0.347,0.482,139.864,147680,4
3F5CgOj3wFlRv51JsHbxhe,0.529,0.673,0,-4.711,1,0.175,0.000307,2.41e-06,0.093,0.366,165.921,218365,4
3USxtqRwSYz57Ewm6wWRMp,0.761,0.525,11,-6.9,1,0.0944,0.44,6.7e-06,0.0921,0.531,80.87,238805,4
0RiRZpuVRbi7oqRdSMwhQY,0.755,0.522,2,-4.368,1,0.0575,0.533,0.0,0.0685,0.925,89.96,157560,4
5w40ZYhbBMAlHYNDaVJIUu,0.498,0.897,2,-4.907,1,0.045,0.00136,0.0,0.118,0.373,169.902,184013,4
68Dni7IE4VyPkTOH9mRWHr,0.69,0.521,10,-8.492,0,0.339,0.324,0.0,0.0534,0.494,100.028,292799,4
7aRCf5cLOFN1U7kvtChY1G,0.817,0.44,10,-8.482,0,0.0734,0.0603,1.42e-06,0.33,0.544,142.024,272113,4
0PAcdVzhPO4gq1Iym9ESnK,0.656,0.757,3,-5.775,0,0.0308,0.492,0.0,0.117,0.429,139.971,177388,4
7KA4W4McWYRpgf0fWsJZWB,0.558,0.559,6,-9.222,1,0.0959,0.371,7.49e-06,0.109,0.62,78.558,180387,4
0V3wPSX9ygBnCm8psDIegu,0.637,0.643,4,-6.571,1,0.0519,0.13,1.8e-06,0.142,0.533,97.008,200690,4
6AQbmUe0Qwf5PZnt4HmTXv,0.696,0.809,5,-8.254,1,0.05,0.252,0.000128,0.248,0.857,132.962,131013,4
3BKD1PwArikchz2Zrlp1qi,0.602,0.91,7,-3.404,1,0.0308,0.00126,0.000174,0.12,0.228,127.944,140018,4
2Hh3ETdQKrmSI3QS0hme7g,0.684,0.671,7,-4.392,0,0.0464,0.189,2.37e-05,0.122,0.156,88.048,199920,4
1mMLMZYXkMueg65jRRWG1l,0.551,0.801,6,-5.069,1,0.0303,0.013,6.03e-06,0.265,0.625,128.027,240760,4
1fXnu2HzxbDtoyvFPWG3Bw,0.756,0.582,11,-7.726,1,0.0343,0.0592,0.0,0.161,0.605,134.07,218489,4
7KokYm8cMIXCsGVmUvKtqf,0.642,0.62,8,-7.091,1,0.0666,0.0734,0.0,0.483,0.0969,90.02,204852,4
5rurggqwwudn9clMdcchxT,0.631,0.535,0,-7.836,1,0.0842,0.464,0.0,0.115,0.22,140.127,219453,4
0caJ2wkqp4UmXBwdR2JvB5,0.693,0.595,8,-7.578,1,0.0311,0.0969,0.0,0.113,0.646,112.02,213817,4
6foY66mWZN0pSRjZ408c00,0.614,0.68,6,-4.58,1,0.0289,0.369,1.84e-06,0.115,0.707,149.959,234347,4
0JXXNGljqupsJaZsgSbMZV,0.684,0.607,11,-8.127,0,0.1,0.0267,0.000307,0.191,0.498,81.001,195373,4
0ELnNmc1vQFW3aPEzQ5zOg,0.798,0.496,3,-5.825,1,0.106,0.539,1.21e-06,0.325,0.448,111.055,184650,4
3azJifCSqg9fRij2yKIbWz,0.645,0.534,6,-10.8,0,0.0479,0.157,0.0,0.0863,0.463,105.02,226467,4
